VehicleName,Make,Model,VehicleOwnerEmail
ABC 123X,Vortex,Strider,ABC123X@example.com
ABC 909S,Solara,Nova,ABC909S@example.com
BCD 202B,Stratos,Thunder,BCD202B@example.com
BCD 444G,Zenith,Spectra,BCD444G@example.com
CDE 121K,Titania,Vortex,CDE121K@example.com
CDE 334P,Nebula,Celestial,CDE334P@example.com
DEF 020T,Solara,Radiance,DEF020T@example.com
DEF 456Y,Vortex,Phantom,DEF456Y@example.com
EFG 303C,Stratos,Eclipse,EFG303C@example.com
EFG 555H,Hyperion,Quantum,EFG555H@example.com
FGH 232L,Titania,Onyx,FGH232L@example.com
FGH 445Q,Nebula,Voyager,FGH445Q@example.com
GHI 789Z,Vortex,Titan,GHI789Z@example.com
HIJ 404D,Stratos,Velocity,HIJ404D@example.com
HIJ 666I,Hyperion,Pulse,HIJ666I@example.com
IJK 343M,Titania,Storm,IJK343M@example.com
JKL 321A,Vortex,Cyclone,JKL321A@example.com
KLM 505E,Stratos,Tempest,KLM505E@example.com
KLM 777J,Hyperion,Orbit,KLM777J@example.com
LMN 454N,Titania,Phantom,LMN454N@example.com
MDF 942L,Solara,Astra,MDF942L@example.com
MNO 654B,Vortex,Apex,MNO654B@example.com
NOP 606F,Orion,Nebula,NOP606F@example.com
NOP 888K,Hyperion,Infinity,NOP888K@example.com
OPQ 565O,Titania,Striker,OPQ565O@example.com
PQR 987C,Zenith,Horizon,PQR987C@example.com
QRS 707G,Orion,Celeste,QRS707G@example.com
QRS 999L,Hyperion,Nexus,QRS999L@example.com
RST 676P,Solara,Helios,RST676P@example.com
STU 111D,Zenith,Vertex,STU111D@example.com
TUV 000M,Nebula,Comet,TUV000M@example.com
TUV 808H,Orion,Pulsar,TUV808H@example.com
UVW 787Q,Solara,Astra,UVW787Q@example.com
VWX 222E,Zenith,Nova,VWX222E@example.com
WXY 112N,Nebula,Starlight,WXY112N@example.com
WXY 909I,Orion,Zenith,WXY909I@example.com
XYA 101A,Stratos,Mirage,XYA101A@example.com
XYZ 898R,Solara,Horizon,XYZ898R@example.com
YZA 333F,Zenith,Eclipse,YZA333F@example.com
ZAB 010J,Orion,Equinox,ZAB010J@example.com
ZAB 223O,Nebula,Meteor,ZAB223O@example.com
